,H,G,S,4-O-5,alpha-O-4,beta-O-4,5-5,beta-5,beta-beta,beta-1,branching_coeff,MW,monomer_count,OH_count,OCH3_count,smiles
0,0,1,7,0,0,6,0,0,1,0,0.0,1649.79,8,8.0,15.0,OCC(Oc1c(OC)cc(CC(Oc2c(OC)cc(C3C4COC(C4CO3)c3cc(OC)c(OC(CO)Cc4cc(OC)c(OC(CO)Cc5cc(OC)c(OC(CO)Cc6cc(OC)c(O)cc6)c(OC)c5)c(OC)c4)c(OC)c3)cc2OC)CO)cc1OC)Cc1cc(OC)c(OC(CO)Cc2cc(OC)c(O)c(OC)c2)c(OC)c1
0,0,2,1,0,0,2,0,0,0,0,0.0,570.635,3,4.0,4.0,OCC=Cc1cc(OC)c(OC(CO)Cc2cc(OC)c(OC(CO)Cc3cc(OC)c(O)cc3)cc2)c(OC)c1
0,0,3,5,0,0,6,0,0,1,0,0.0,1589.7379999999998,8,8.0,13.0,OCC(Oc1c(OC)cc(CC(Oc2c(OC)cc(C3C4COC(C4CO3)c3cc(OC)c(OC(CO)Cc4cc(OC)c(O)c(OC)c4)cc3)cc2OC)CO)cc1)Cc1cc(OC)c(OC(CO)Cc2cc(OC)c(OC(CO)Cc3cc(OC)c(OC(CO)Cc4cc(OC)c(O)c(OC)c4)c(OC)c3)cc2)c(OC)c1
0,0,5,2,0,0,5,0,0,1,0,0.0,1319.4569999999999,7,7.0,9.0,OCC(Cc1cc(OC)c(OC(CO)Cc2cc(OC)c(OC(CO)Cc3cc(OC)c(O)c(OC)c3)cc2)c(OC)c1)Oc1c(OC)cc(C2C3COC(C3CO2)c2cc(OC)c(OC(CO)Cc3cc(OC)c(OC(CO)Cc4cc(OC)c(O)cc4)cc3)cc2)cc1
0,0,3,5,0,0,7,0,0,0,0,0.0,1591.754,8,9.0,13.0,OCC(Oc1c(OC)cc(CC(Oc2c(OC)cc(CC(Oc3c(OC)cc(CC(Oc4c(OC)cc(C=CCO)cc4)CO)cc3OC)CO)cc2)CO)cc1OC)Cc1cc(OC)c(OC(CO)Cc2cc(OC)c(OC(CO)Cc3cc(OC)c(OC(CO)Cc4cc(OC)c(O)cc4)c(OC)c3)c(OC)c2)c(OC)c1
0,0,3,2,0,0,4,0,0,0,0,0.0,961.067,5,6.0,7.0,OCC=Cc1cc(OC)c(OC(CO)Cc2cc(OC)c(OC(CO)Cc3cc(OC)c(OC(CO)Cc4cc(OC)c(OC(CO)Cc5cc(OC)c(O)cc5)cc4)c(OC)c3)c(OC)c2)cc1
0,0,4,8,0,0,10,0,0,1,0,0.0,2400.628,12,12.0,20.0,OCC(Cc1cc(OC)c(OC(CO)Cc2cc(OC)c(OC(CO)Cc3cc(OC)c(OC(CO)Cc4cc(OC)c(OC(CO)Cc5cc(OC)c(O)cc5)c(OC)c4)cc3)c(OC)c2)cc1)Oc1c(OC)cc(C2C3COC(C3CO2)c2cc(OC)c(OC(CO)Cc3cc(OC)c(OC(CO)Cc4cc(OC)c(OC(CO)Cc5cc(OC)c(OC(CO)Cc6cc(OC)c(OC(CO)Cc7cc(OC)c(O)c(OC)c7)c(OC)c6)cc5)c(OC)c4)c(OC)c3)c(OC)c2)cc1OC
0,0,4,7,0,0,9,0,0,1,0,0.0,2190.399,11,11.0,18.0,OCC(Oc1c(OC)cc(CC(Oc2c(OC)cc(CC(Oc3c(OC)cc(CC(Oc4c(OC)cc(C5C6COC(C6CO5)c5cc(OC)c(OC(CO)Cc6cc(OC)c(OC(CO)Cc7cc(OC)c(OC(CO)Cc8cc(OC)c(OC(CO)Cc9cc(OC)c(O)cc9)c(OC)c8)c(OC)c7)c(OC)c6)cc5)cc4OC)CO)cc3)CO)cc2)CO)cc1OC)Cc1cc(OC)c(OC(CO)Cc2cc(OC)c(O)c(OC)c2)c(OC)c1
0,0,3,8,0,0,8,0,1,1,0,0.0,2218.409,11,11.0,19.0,OCC(Oc1c(OC)cc(C2C3COC(C3CO2)c2cc(OC)c(OC(CO)Cc3cc(OC)c4c(C(CO)C(c5cc(OC)c(O)c(OC)c5)O4)c3)c(OC)c2)cc1OC)Cc1cc(OC)c(OC(CO)Cc2cc(OC)c(OC(CO)Cc3cc(OC)c(OC(CO)Cc4cc(OC)c(OC(CO)Cc5cc(OC)c(OC(CO)Cc6cc(OC)c(OC(CO)Cc7cc(OC)c(O)c(OC)c7)c(OC)c6)c(OC)c5)cc4)c(OC)c3)c(OC)c2)cc1
0,0,4,2,0,0,4,0,0,1,0,0.0,1139.254,6,6.0,8.0,OCC(Oc1c(OC)cc(C2C3COC(C3CO2)c2cc(OC)c(OC(CO)Cc3cc(OC)c(O)cc3)c(OC)c2)cc1)Cc1cc(OC)c(OC(CO)Cc2cc(OC)c(OC(CO)Cc3cc(OC)c(O)c(OC)c3)cc2)cc1
0,0,0,3,0,0,1,0,0,1,0,0.0,628.671,3,3.0,6.0,Oc1c(OC)cc(CC(Oc2c(OC)cc(C3C4COC(C4CO3)c3cc(OC)c(O)c(OC)c3)cc2OC)CO)cc1OC
0,0,4,7,0,0,9,0,0,1,0,0.0,2190.399,11,11.0,18.0,OCC(Oc1c(OC)cc(C2C3COC(C3CO2)c2cc(OC)c(OC(CO)Cc3cc(OC)c(OC(CO)Cc4cc(OC)c(OC(CO)Cc5cc(OC)c(OC(CO)Cc6cc(OC)c(O)cc6)c(OC)c5)c(OC)c4)c(OC)c3)c(OC)c2)cc1)Cc1cc(OC)c(OC(CO)Cc2cc(OC)c(OC(CO)Cc3cc(OC)c(OC(CO)Cc4cc(OC)c(OC(CO)Cc5cc(OC)c(O)cc5)cc4)c(OC)c3)c(OC)c2)c(OC)c1
0,0,3,2,0,0,4,0,0,0,0,0.0,961.067,5,6.0,7.0,OCC(Oc1c(OC)cc(CC(Oc2c(OC)cc(CC(Oc3c(OC)cc(C=CCO)cc3OC)CO)cc2OC)CO)cc1)Cc1cc(OC)c(OC(CO)Cc2cc(OC)c(O)cc2)cc1
0,0,1,9,0,0,8,0,0,1,0,0.0,2070.2479999999996,10,10.0,19.0,OCC(Oc1c(OC)cc(CC(Oc2c(OC)cc(C3C4COC(C4CO3)c3cc(OC)c(OC(CO)Cc4cc(OC)c(OC(CO)Cc5cc(OC)c(OC(CO)Cc6cc(OC)c(O)c(OC)c6)c(OC)c5)c(OC)c4)cc3)cc2OC)CO)cc1OC)Cc1cc(OC)c(OC(CO)Cc2cc(OC)c(OC(CO)Cc3cc(OC)c(OC(CO)Cc4cc(OC)c(O)c(OC)c4)c(OC)c3)c(OC)c2)c(OC)c1
0,0,5,3,0,0,6,0,1,0,0,0.0,1529.686,8,9.0,11.0,OCC(Oc1c(OC)cc(CC(Oc2c(OC)cc(CC(Oc3c(OC)cc(CC(Oc4c(OC)cc(CC(Oc5c(OC)cc(C=CCO)cc5)CO)cc4OC)CO)cc3)CO)cc2OC)CO)cc1)Cc1cc(OC)c(OC(CO)Cc2cc(OC)c3c(C(CO)C(c4cc(OC)c(O)c(OC)c4)O3)c2)cc1
0,0,2,1,0,0,2,0,0,0,0,0.0,570.635,3,4.0,4.0,OCC=Cc1cc(OC)c(OC(CO)Cc2cc(OC)c(OC(CO)Cc3cc(OC)c(O)cc3)c(OC)c2)cc1
0,0,2,1,0,0,1,0,0,1,0,0.0,568.6189999999999,3,3.0,4.0,Oc1c(OC)cc(CC(Oc2c(OC)cc(C3C4COC(C4CO3)c3cc(OC)c(O)cc3)cc2OC)CO)cc1
0,0,6,6,0,0,10,0,0,1,0,0.0,2340.576,12,12.0,18.0,OCC(Cc1cc(OC)c(OC(CO)Cc2cc(OC)c(OC(CO)Cc3cc(OC)c(OC(CO)Cc4cc(OC)c(OC(CO)Cc5cc(OC)c(OC(CO)Cc6cc(OC)c(O)c(OC)c6)c(OC)c5)cc4)c(OC)c3)cc2)cc1)Oc1c(OC)cc(C2OCC3C(OCC23)c2cc(OC)c(OC(CO)Cc3cc(OC)c(OC(CO)Cc4cc(OC)c(OC(CO)Cc5cc(OC)c(OC(CO)Cc6cc(OC)c(O)cc6)c(OC)c5)cc4)cc3)c(OC)c2)cc1OC
0,0,1,6,0,0,5,0,0,1,0,0.0,1439.561,7,7.0,13.0,OCC(Oc1c(OC)cc(CC(Oc2c(OC)cc(CC(Oc3c(OC)cc(C4C5COC(C5CO4)c4cc(OC)c(OC(CO)Cc5cc(OC)c(O)c(OC)c5)c(OC)c4)cc3OC)CO)cc2)CO)cc1OC)Cc1cc(OC)c(OC(CO)Cc2cc(OC)c(O)c(OC)c2)c(OC)c1
0,0,1,9,0,0,8,0,0,1,0,0.0,2070.2479999999996,10,10.0,19.0,OCC(Oc1c(OC)cc(C2C3COC(C3CO2)c2cc(OC)c(OC(CO)Cc3cc(OC)c(O)c(OC)c3)c(OC)c2)cc1)Cc1cc(OC)c(OC(CO)Cc2cc(OC)c(OC(CO)Cc3cc(OC)c(OC(CO)Cc4cc(OC)c(OC(CO)Cc5cc(OC)c(OC(CO)Cc6cc(OC)c(OC(CO)Cc7cc(OC)c(O)c(OC)c7)c(OC)c6)c(OC)c5)c(OC)c4)c(OC)c3)c(OC)c2)c(OC)c1
0,0,1,2,0,0,1,0,1,0,0,0.0,598.645,3,4.0,5.0,OCC(Oc1c(OC)cc(C=CCO)cc1OC)Cc1cc(OC)c2c(C(CO)C(c3cc(OC)c(O)c(OC)c3)O2)c1
0,0,0,2,0,0,0,0,0,1,0,0.0,418.44199999999995,2,2.0,4.0,Oc1c(OC)cc(C2C3COC(C3CO2)c2cc(OC)c(O)c(OC)c2)cc1OC
0,0,4,5,0,0,7,0,0,1,0,0.0,1769.941,9,9.0,14.0,OCC(Oc1c(OC)cc(CC(Oc2c(OC)cc(C3C4COC(C4CO3)c3cc(OC)c(OC(CO)Cc4cc(OC)c(O)cc4)c(OC)c3)cc2)CO)cc1)Cc1cc(OC)c(OC(CO)Cc2cc(OC)c(OC(CO)Cc3cc(OC)c(OC(CO)Cc4cc(OC)c(OC(CO)Cc5cc(OC)c(O)c(OC)c5)cc4)c(OC)c3)c(OC)c2)c(OC)c1
0,0,2,6,0,0,5,0,1,1,0,0.0,1617.7479999999998,8,8.0,14.0,Oc1c(OC)cc(CC(Oc2c(OC)cc(CC(Oc3c(OC)cc(CC(Oc4c(OC)cc(C5C(c6c(O5)c(OC)cc(C5C7COC(C7CO5)c5cc(OC)c(OC(CO)Cc7cc(OC)c(OC(CO)Cc8cc(OC)c(O)c(OC)c8)c(OC)c7)c(OC)c5)c6)CO)cc4OC)CO)cc3OC)CO)cc2)CO)cc1OC
0,0,2,6,0,0,6,0,0,1,0,0.0,1619.764,8,8.0,14.0,OCC(Oc1c(OC)cc(CC(Oc2c(OC)cc(C3C4COC(C4CO3)c3cc(OC)c(O)cc3)cc2OC)CO)cc1OC)Cc1cc(OC)c(OC(CO)Cc2cc(OC)c(OC(CO)Cc3cc(OC)c(OC(CO)Cc4cc(OC)c(OC(CO)Cc5cc(OC)c(O)c(OC)c5)cc4)c(OC)c3)c(OC)c2)c(OC)c1
0,0,6,4,0,0,8,0,0,1,0,0.0,1920.118,10,10.0,14.0,OCC(Cc1cc(OC)c(OC(CO)Cc2cc(OC)c(O)c(OC)c2)c(OC)c1)Oc1c(OC)cc(C2C3COC(C3CO2)c2cc(OC)c(OC(CO)Cc3cc(OC)c(OC(CO)Cc4cc(OC)c(OC(CO)Cc5cc(OC)c(OC(CO)Cc6cc(OC)c(OC(CO)Cc7cc(OC)c(OC(CO)Cc8cc(OC)c(O)cc8)cc7)c(OC)c6)cc5)cc4)cc3)c(OC)c2)cc1
0,0,0,3,0,0,1,0,0,1,0,0.0,628.671,3,3.0,6.0,Oc1c(OC)cc(CC(Oc2c(OC)cc(C3C4COC(C4CO3)c3cc(OC)c(O)c(OC)c3)cc2OC)CO)cc1OC
0,0,3,2,0,0,4,0,0,0,0,0.0,961.067,5,6.0,7.0,OCC(Oc1c(OC)cc(CC(Oc2c(OC)cc(CC(Oc3c(OC)cc(C=CCO)cc3)CO)cc2)CO)cc1OC)Cc1cc(OC)c(OC(CO)Cc2cc(OC)c(O)c(OC)c2)cc1
0,0,5,3,0,0,5,1,0,1,0,0.0,1527.6699999999998,8,9.0,11.0,Oc1c(OC)cc(CC(Oc2c(OC)cc(CC(Oc3c(OC)cc(C=CCO)cc3OC)CO)cc2)CO)cc1c1c(O)c(OC)cc(CC(Oc2c(OC)cc(C3C4COC(C4CO3)c3cc(OC)c(OC(CO)Cc4cc(OC)c(OC(CO)Cc5cc(OC)c(O)c(OC)c5)cc4)c(OC)c3)cc2)CO)c1
0,0,1,9,0,0,8,0,0,1,0,0.0,2070.2479999999996,10,10.0,19.0,OCC(Oc1c(OC)cc(CC(Oc2c(OC)cc(CC(Oc3c(OC)cc(C4C5COC(C5CO4)c4cc(OC)c(O)c(OC)c4)cc3OC)CO)cc2OC)CO)cc1)Cc1cc(OC)c(OC(CO)Cc2cc(OC)c(OC(CO)Cc3cc(OC)c(OC(CO)Cc4cc(OC)c(OC(CO)Cc5cc(OC)c(OC(CO)Cc6cc(OC)c(O)c(OC)c6)c(OC)c5)c(OC)c4)c(OC)c3)c(OC)c2)c(OC)c1
0,0,3,7,0,0,8,0,0,1,0,0.0,2010.196,10,10.0,17.0,OCC(Oc1c(OC)cc(CC(Oc2c(OC)cc(CC(Oc3c(OC)cc(C4C5COC(C5CO4)c4cc(OC)c(OC(CO)Cc5cc(OC)c(OC(CO)Cc6cc(OC)c(O)cc6)c(OC)c5)cc4)cc3OC)CO)cc2)CO)cc1OC)Cc1cc(OC)c(OC(CO)Cc2cc(OC)c(OC(CO)Cc3cc(OC)c(OC(CO)Cc4cc(OC)c(O)c(OC)c4)c(OC)c3)c(OC)c2)c(OC)c1
0,0,4,2,0,0,4,0,0,1,0,0.0,1139.254,6,6.0,8.0,OCC(Oc1c(OC)cc(CC(Oc2c(OC)cc(C3C4COC(C4CO3)c3cc(OC)c(O)cc3)cc2)CO)cc1)Cc1cc(OC)c(OC(CO)Cc2cc(OC)c(OC(CO)Cc3cc(OC)c(O)cc3)c(OC)c2)c(OC)c1
0,0,4,5,0,0,7,0,0,1,0,0.0,1769.941,9,9.0,14.0,OCC(Cc1cc(OC)c(OC(CO)Cc2cc(OC)c(OC(CO)Cc3cc(OC)c(OC(CO)Cc4cc(OC)c(OC(CO)Cc5cc(OC)c(OC(CO)Cc6cc(OC)c(O)cc6)c(OC)c5)c(OC)c4)cc3)cc2)c(OC)c1)Oc1c(OC)cc(C2OCC3C(OCC23)c2cc(OC)c(OC(CO)Cc3cc(OC)c(O)cc3)c(OC)c2)cc1OC
0,0,0,11,0,0,9,0,0,1,0,0.0,2310.503,11,11.0,22.0,OCC(Cc1cc(OC)c(OC(CO)Cc2cc(OC)c(OC(CO)Cc3cc(OC)c(OC(CO)Cc4cc(OC)c(OC(CO)Cc5cc(OC)c(OC(CO)Cc6cc(OC)c(O)c(OC)c6)c(OC)c5)c(OC)c4)c(OC)c3)c(OC)c2)c(OC)c1)Oc1c(OC)cc(C2C3COC(C3CO2)c2cc(OC)c(OC(CO)Cc3cc(OC)c(OC(CO)Cc4cc(OC)c(OC(CO)Cc5cc(OC)c(O)c(OC)c5)c(OC)c4)c(OC)c3)c(OC)c2)cc1OC
0,0,1,9,0,0,8,0,0,1,0,0.0,2070.2479999999996,10,10.0,19.0,OCC(Oc1c(OC)cc(CC(Oc2c(OC)cc(C3C4COC(C4CO3)c3cc(OC)c(O)c(OC)c3)cc2)CO)cc1OC)Cc1cc(OC)c(OC(CO)Cc2cc(OC)c(OC(CO)Cc3cc(OC)c(OC(CO)Cc4cc(OC)c(OC(CO)Cc5cc(OC)c(OC(CO)Cc6cc(OC)c(OC(CO)Cc7cc(OC)c(O)c(OC)c7)c(OC)c6)c(OC)c5)c(OC)c4)c(OC)c3)c(OC)c2)c(OC)c1
0,0,2,1,0,0,2,0,0,0,0,0.0,570.635,3,4.0,4.0,OCC(Oc1c(OC)cc(C=CCO)cc1)Cc1cc(OC)c(OC(CO)Cc2cc(OC)c(O)c(OC)c2)cc1
0,0,4,2,0,0,4,0,0,1,0,0.0,1139.254,6,6.0,8.0,OCC(Cc1cc(OC)c(OC(CO)Cc2cc(OC)c(O)cc2)cc1)Oc1c(OC)cc(C2C3COC(C3CO2)c2cc(OC)c(OC(CO)Cc3cc(OC)c(OC(CO)Cc4cc(OC)c(O)cc4)cc3)c(OC)c2)cc1OC
0,0,4,6,0,0,8,0,0,1,0,0.0,1980.17,10,10.0,16.0,OCC(Oc1c(OC)cc(C2C3COC(C3CO2)c2cc(OC)c(OC(CO)Cc3cc(OC)c(OC(CO)Cc4cc(OC)c(O)c(OC)c4)cc3)c(OC)c2)cc1)Cc1cc(OC)c(OC(CO)Cc2cc(OC)c(OC(CO)Cc3cc(OC)c(OC(CO)Cc4cc(OC)c(OC(CO)Cc5cc(OC)c(OC(CO)Cc6cc(OC)c(O)c(OC)c6)c(OC)c5)c(OC)c4)c(OC)c3)cc2)cc1
0,0,3,6,0,0,8,0,0,0,0,0.0,1801.9830000000002,9,10.0,15.0,OCC(Oc1c(OC)cc(CC(Oc2c(OC)cc(CC(Oc3c(OC)cc(CC(Oc4c(OC)cc(C=CCO)cc4OC)CO)cc3OC)CO)cc2)CO)cc1OC)Cc1cc(OC)c(OC(CO)Cc2cc(OC)c(OC(CO)Cc3cc(OC)c(OC(CO)Cc4cc(OC)c(OC(CO)Cc5cc(OC)c(O)c(OC)c5)cc4)cc3)c(OC)c2)c(OC)c1
0,0,2,1,0,0,2,0,0,0,0,0.0,570.635,3,4.0,4.0,OCC=Cc1cc(OC)c(OC(CO)Cc2cc(OC)c(OC(CO)Cc3cc(OC)c(O)cc3)cc2)c(OC)c1
0,0,1,3,0,0,1,0,1,1,0,0.0,806.858,4,4.0,7.0,Oc1c(OC)cc(CC(CO)Oc2c(OC)cc(C3OCC4C(OCC43)c3cc(OC)c4c(C(CO)C(c5cc(OC)c(O)c(OC)c5)O4)c3)cc2OC)cc1OC
0,0,3,4,0,0,5,0,0,1,0,0.0,1379.509,7,7.0,11.0,OCC(Cc1cc(OC)c(OC(CO)Cc2cc(OC)c(OC(CO)Cc3cc(OC)c(OC(CO)Cc4cc(OC)c(O)cc4)c(OC)c3)c(OC)c2)c(OC)c1)Oc1c(OC)cc(C2C3COC(C3CO2)c2cc(OC)c(OC(CO)Cc3cc(OC)c(O)c(OC)c3)cc2)cc1
0,0,1,2,0,0,1,0,0,1,0,0.0,598.645,3,3.0,5.0,Oc1c(OC)cc(CC(Oc2c(OC)cc(C3C4COC(C4CO3)c3cc(OC)c(O)c(OC)c3)cc2OC)CO)cc1
0,0,3,6,0,0,7,0,0,1,0,0.0,1799.967,9,9.0,15.0,OCC(Oc1c(OC)cc(C2C3COC(C3CO2)c2cc(OC)c(OC(CO)Cc3cc(OC)c(O)c(OC)c3)c(OC)c2)cc1OC)Cc1cc(OC)c(OC(CO)Cc2cc(OC)c(OC(CO)Cc3cc(OC)c(OC(CO)Cc4cc(OC)c(OC(CO)Cc5cc(OC)c(OC(CO)Cc6cc(OC)c(O)c(OC)c6)cc5)cc4)c(OC)c3)cc2)c(OC)c1
0,0,2,1,0,0,2,0,0,0,0,0.0,570.635,3,4.0,4.0,OCC(Oc1c(OC)cc(C=CCO)cc1)Cc1cc(OC)c(OC(CO)Cc2cc(OC)c(O)cc2)c(OC)c1
0,0,2,1,0,0,2,0,0,0,0,0.0,570.635,3,4.0,4.0,OCC=Cc1cc(OC)c(OC(CO)Cc2cc(OC)c(OC(CO)Cc3cc(OC)c(O)cc3)cc2)c(OC)c1
0,0,3,6,0,0,8,0,0,0,0,0.0,1801.9830000000002,9,10.0,15.0,OCC(Oc1c(OC)cc(CC(Oc2c(OC)cc(CC(Oc3c(OC)cc(CC(Oc4c(OC)cc(CC(Oc5c(OC)cc(C=CCO)cc5)CO)cc4)CO)cc3OC)CO)cc2OC)CO)cc1OC)Cc1cc(OC)c(OC(CO)Cc2cc(OC)c(OC(CO)Cc3cc(OC)c(OC(CO)Cc4cc(OC)c(O)cc4)c(OC)c3)c(OC)c2)c(OC)c1
0,0,2,1,0,0,2,0,0,0,0,0.0,570.635,3,4.0,4.0,OCC(Oc1c(OC)cc(C=CCO)cc1)Cc1cc(OC)c(OC(CO)Cc2cc(OC)c(O)cc2)c(OC)c1
0,0,4,3,0,0,5,0,0,1,0,0.0,1349.4830000000002,7,7.0,10.0,OCC(Cc1cc(OC)c(OC(CO)Cc2cc(OC)c(OC(CO)Cc3cc(OC)c(O)cc3)c(OC)c2)c(OC)c1)Oc1c(OC)cc(C2C3COC(C3CO2)c2cc(OC)c(OC(CO)Cc3cc(OC)c(OC(CO)Cc4cc(OC)c(O)cc4)cc3)c(OC)c2)cc1
0,0,2,4,0,0,3,0,2,0,0,0.0,1197.29,6,7.0,10.0,OCC(Oc1c(OC)cc(C=CCO)cc1OC)Cc1cc(OC)c(OC(CO)Cc2cc(OC)c(OC(CO)Cc3cc(OC)c4c(C(CO)C(c5cc(OC)c6c(C(CO)C(c7cc(OC)c(O)c(OC)c7)O6)c5)O4)c3)c(OC)c2)c(OC)c1
0,0,2,5,0,0,6,0,0,0,0,0.0,1411.551,7,8.0,12.0,OCC(Oc1c(OC)cc(CC(Oc2c(OC)cc(CC(Oc3c(OC)cc(C=CCO)cc3)CO)cc2OC)CO)cc1OC)Cc1cc(OC)c(OC(CO)Cc2cc(OC)c(OC(CO)Cc3cc(OC)c(OC(CO)Cc4cc(OC)c(O)c(OC)c4)c(OC)c3)c(OC)c2)cc1
0,0,4,4,0,0,7,0,0,0,0,0.0,1561.7279999999998,8,9.0,12.0,OCC(Oc1c(OC)cc(CC(Oc2c(OC)cc(CC(Oc3c(OC)cc(CC(Oc4c(OC)cc(C=CCO)cc4OC)CO)cc3OC)CO)cc2)CO)cc1OC)Cc1cc(OC)c(OC(CO)Cc2cc(OC)c(OC(CO)Cc3cc(OC)c(OC(CO)Cc4cc(OC)c(O)cc4)cc3)c(OC)c2)cc1
0,0,5,7,0,0,11,0,0,0,0,0.0,2372.618,12,13.0,19.0,OCC(Oc1c(OC)cc(CC(Oc2c(OC)cc(CC(Oc3c(OC)cc(CC(Oc4c(OC)cc(CC(Oc5c(OC)cc(CC(Oc6c(OC)cc(C=CCO)cc6OC)CO)cc5)CO)cc4)CO)cc3OC)CO)cc2OC)CO)cc1OC)Cc1cc(OC)c(OC(CO)Cc2cc(OC)c(OC(CO)Cc3cc(OC)c(OC(CO)Cc4cc(OC)c(OC(CO)Cc5cc(OC)c(OC(CO)Cc6cc(OC)c(O)c(OC)c6)cc5)c(OC)c4)cc3)cc2)c(OC)c1
0,0,4,4,0,0,7,0,0,0,0,0.0,1561.7279999999998,8,9.0,12.0,OCC(Oc1c(OC)cc(CC(Oc2c(OC)cc(CC(Oc3c(OC)cc(CC(Oc4c(OC)cc(C=CCO)cc4)CO)cc3OC)CO)cc2OC)CO)cc1)Cc1cc(OC)c(OC(CO)Cc2cc(OC)c(OC(CO)Cc3cc(OC)c(OC(CO)Cc4cc(OC)c(O)c(OC)c4)cc3)c(OC)c2)cc1
0,0,2,5,0,0,6,0,0,0,0,0.0,1411.551,7,8.0,12.0,OCC(Oc1c(OC)cc(CC(Oc2c(OC)cc(C=CCO)cc2)CO)cc1)Cc1cc(OC)c(OC(CO)Cc2cc(OC)c(OC(CO)Cc3cc(OC)c(OC(CO)Cc4cc(OC)c(OC(CO)Cc5cc(OC)c(O)c(OC)c5)c(OC)c4)c(OC)c3)c(OC)c2)c(OC)c1
0,0,1,3,0,0,3,0,0,0,0,0.0,810.89,4,5.0,7.0,Oc1c(OC)cc(CC(Oc2c(OC)cc(CC(Oc3c(OC)cc(CC(Oc4c(OC)cc(C=CCO)cc4OC)CO)cc3OC)CO)cc2OC)CO)cc1
0,0,2,1,0,0,2,0,0,0,0,0.0,570.635,3,4.0,4.0,OCC(Oc1c(OC)cc(C=CCO)cc1)Cc1cc(OC)c(OC(CO)Cc2cc(OC)c(O)cc2)c(OC)c1
0,0,1,5,0,0,5,0,0,0,0,0.0,1231.348,6,7.0,11.0,OCC(Oc1c(OC)cc(CC(Oc2c(OC)cc(C=CCO)cc2OC)CO)cc1OC)Cc1cc(OC)c(OC(CO)Cc2cc(OC)c(OC(CO)Cc3cc(OC)c(OC(CO)Cc4cc(OC)c(O)cc4)c(OC)c3)c(OC)c2)c(OC)c1
0,0,7,5,0,0,11,0,0,0,0,0.0,2312.566,12,13.0,17.0,OCC(Oc1c(OC)cc(CC(Oc2c(OC)cc(CC(Oc3c(OC)cc(CC(Oc4c(OC)cc(CC(Oc5c(OC)cc(CC(Oc6c(OC)cc(C=CCO)cc6)CO)cc5OC)CO)cc4OC)CO)cc3)CO)cc2OC)CO)cc1OC)Cc1cc(OC)c(OC(CO)Cc2cc(OC)c(OC(CO)Cc3cc(OC)c(OC(CO)Cc4cc(OC)c(OC(CO)Cc5cc(OC)c(OC(CO)Cc6cc(OC)c(O)cc6)c(OC)c5)cc4)cc3)cc2)cc1
0,0,4,2,0,0,5,0,0,0,0,0.0,1141.27,6,7.0,8.0,OCC(Oc1c(OC)cc(C=CCO)cc1)Cc1cc(OC)c(OC(CO)Cc2cc(OC)c(OC(CO)Cc3cc(OC)c(OC(CO)Cc4cc(OC)c(OC(CO)Cc5cc(OC)c(O)cc5)c(OC)c4)c(OC)c3)cc2)cc1
0,0,5,3,0,0,6,0,0,1,0,0.0,1529.686,8,8.0,11.0,OCC(Cc1cc(OC)c(OC(CO)Cc2cc(OC)c(O)c(OC)c2)cc1)Oc1c(OC)cc(C2OCC3C(OCC23)c2cc(OC)c(OC(CO)Cc3cc(OC)c(OC(CO)Cc4cc(OC)c(OC(CO)Cc5cc(OC)c(OC(CO)Cc6cc(OC)c(O)cc6)cc5)cc4)cc3)c(OC)c2)cc1OC
0,0,4,7,0,0,8,0,1,1,0,0.0,2188.383,11,11.0,18.0,OCC(Oc1c(OC)cc(CC(Oc2c(OC)cc(C3C4COC(C4CO3)c3cc(OC)c(OC(CO)Cc4cc(OC)c(O)cc4)c(OC)c3)cc2OC)CO)cc1OC)Cc1cc(OC)c(OC(CO)Cc2cc(OC)c(OC(CO)Cc3cc(OC)c(OC(CO)Cc4cc(OC)c5c(C(CO)C(c6cc(OC)c(OC(CO)Cc7cc(OC)c(OC(CO)Cc8cc(OC)c(O)cc8)c(OC)c7)c(OC)c6)O5)c4)c(OC)c3)c(OC)c2)cc1
0,0,3,2,0,0,2,0,2,0,0,0.0,957.0350000000001,5,6.0,7.0,OCC=Cc1cc(OC)c2c(C(CO)C(c3cc(OC)c4c(C(CO)C(c5cc(OC)c(OC(CO)Cc6cc(OC)c(OC(CO)Cc7cc(OC)c(O)c(OC)c7)cc6)c(OC)c5)O4)c3)O2)c1
0,0,1,5,0,0,4,0,0,1,0,0.0,1229.3319999999999,6,6.0,11.0,OCC(Cc1cc(OC)c(OC(CO)Cc2cc(OC)c(O)cc2)c(OC)c1)Oc1c(OC)cc(C2C3COC(C3CO2)c2cc(OC)c(OC(CO)Cc3cc(OC)c(OC(CO)Cc4cc(OC)c(O)c(OC)c4)c(OC)c3)c(OC)c2)cc1OC
0,0,5,8,0,0,10,0,1,1,0,0.0,2578.8149999999996,13,13.0,21.0,OCC(Oc1c(OC)cc(CC(Oc2c(OC)cc(CC(Oc3c(OC)cc(C4C5COC(C5CO4)c4cc(OC)c(OC(CO)Cc5cc(OC)c(OC(CO)Cc6cc(OC)c(OC(CO)Cc7cc(OC)c(OC(CO)Cc8cc(OC)c(O)cc8)c(OC)c7)cc6)c(OC)c5)cc4)cc3)CO)cc2OC)CO)cc1OC)Cc1cc(OC)c2c(C(CO)C(c3cc(OC)c(OC(CO)Cc4cc(OC)c(OC(CO)Cc5cc(OC)c(OC(CO)Cc6cc(OC)c(O)c(OC)c6)c(OC)c5)c(OC)c4)c(OC)c3)O2)c1
0,0,3,7,0,0,8,0,0,1,0,0.0,2010.196,10,10.0,17.0,OCC(Oc1c(OC)cc(C2C3COC(C3CO2)c2cc(OC)c(OC(CO)Cc3cc(OC)c(O)c(OC)c3)c(OC)c2)cc1OC)Cc1cc(OC)c(OC(CO)Cc2cc(OC)c(OC(CO)Cc3cc(OC)c(OC(CO)Cc4cc(OC)c(OC(CO)Cc5cc(OC)c(OC(CO)Cc6cc(OC)c(OC(CO)Cc7cc(OC)c(O)c(OC)c7)cc6)cc5)c(OC)c4)c(OC)c3)c(OC)c2)cc1
0,0,1,5,0,0,4,0,0,1,0,0.0,1229.3319999999999,6,6.0,11.0,OCC(Oc1c(OC)cc(CC(Oc2c(OC)cc(C3C4COC(C4CO3)c3cc(OC)c(O)c(OC)c3)cc2OC)CO)cc1OC)Cc1cc(OC)c(OC(CO)Cc2cc(OC)c(OC(CO)Cc3cc(OC)c(O)c(OC)c3)cc2)c(OC)c1
0,0,2,2,0,0,1,0,2,0,0,0.0,776.832,4,5.0,6.0,OCC=Cc1cc(OC)c2c(C(CO)C(c3cc(OC)c(OC(CO)Cc4cc(OC)c5c(C(CO)C(c6cc(OC)c(O)c(OC)c6)O5)c4)c(OC)c3)O2)c1
0,0,0,3,0,0,1,0,0,1,0,0.0,628.671,3,3.0,6.0,Oc1c(OC)cc(CC(Oc2c(OC)cc(C3C4COC(C4CO3)c3cc(OC)c(O)c(OC)c3)cc2OC)CO)cc1OC
0,0,3,2,0,0,2,0,1,1,0,0.0,957.0350000000001,5,5.0,7.0,OCC(Oc1c(OC)cc(C2C3COC(C3CO2)c2cc(OC)c(OC(CO)Cc3cc(OC)c(O)c(OC)c3)c(OC)c2)cc1)Cc1cc(OC)c2c(C(CO)C(c3cc(OC)c(O)cc3)O2)c1
0,0,4,6,0,0,7,0,1,1,0,0.0,1978.154,10,10.0,16.0,OCC(Oc1c(OC)cc(C2C(c3c(O2)c(OC)cc(C2C4COC(C4CO2)c2cc(OC)c(OC(CO)Cc4cc(OC)c(OC(CO)Cc5cc(OC)c(OC(CO)Cc6cc(OC)c(O)cc6)c(OC)c5)cc4)c(OC)c2)c3)CO)cc1OC)Cc1cc(OC)c(OC(CO)Cc2cc(OC)c(OC(CO)Cc3cc(OC)c(OC(CO)Cc4cc(OC)c(O)c(OC)c4)c(OC)c3)cc2)c(OC)c1
0,0,1,2,0,0,1,0,1,0,0,0.0,598.645,3,4.0,5.0,OCC(Oc1c(OC)cc(C=CCO)cc1OC)Cc1cc(OC)c2c(C(CO)C(c3cc(OC)c(O)c(OC)c3)O2)c1
0,0,1,7,0,0,6,0,1,0,0,0.0,1649.79,8,9.0,15.0,OCC(Oc1c(OC)cc(CC(Oc2c(OC)cc(C3C(c4c(O3)c(OC)cc(C=CCO)c4)CO)cc2OC)CO)cc1OC)Cc1cc(OC)c(OC(CO)Cc2cc(OC)c(OC(CO)Cc3cc(OC)c(OC(CO)Cc4cc(OC)c(OC(CO)Cc5cc(OC)c(O)c(OC)c5)c(OC)c4)c(OC)c3)c(OC)c2)c(OC)c1
0,0,4,5,0,0,8,0,0,0,0,0.0,1771.9569999999999,9,10.0,14.0,OCC(Oc1c(OC)cc(CC(Oc2c(OC)cc(CC(Oc3c(OC)cc(CC(Oc4c(OC)cc(C=CCO)cc4)CO)cc3OC)CO)cc2OC)CO)cc1)Cc1cc(OC)c(OC(CO)Cc2cc(OC)c(OC(CO)Cc3cc(OC)c(OC(CO)Cc4cc(OC)c(OC(CO)Cc5cc(OC)c(O)cc5)c(OC)c4)cc3)c(OC)c2)c(OC)c1
0,0,1,2,0,0,1,0,0,1,0,0.0,598.645,3,3.0,5.0,Oc1c(OC)cc(CC(CO)Oc2c(OC)cc(C3C4COC(C4CO3)c3cc(OC)c(O)c(OC)c3)cc2)cc1OC
0,0,1,5,0,0,4,0,0,1,0,0.0,1229.3319999999999,6,6.0,11.0,OCC(Oc1c(OC)cc(C2C3COC(C3CO2)c2cc(OC)c(OC(CO)Cc3cc(OC)c(O)c(OC)c3)c(OC)c2)cc1OC)Cc1cc(OC)c(OC(CO)Cc2cc(OC)c(OC(CO)Cc3cc(OC)c(O)c(OC)c3)c(OC)c2)cc1
0,0,2,3,0,0,4,0,0,0,0,0.0,991.0930000000001,5,6.0,8.0,OCC(Oc1c(OC)cc(CC(Oc2c(OC)cc(C=CCO)cc2)CO)cc1OC)Cc1cc(OC)c(OC(CO)Cc2cc(OC)c(OC(CO)Cc3cc(OC)c(O)c(OC)c3)c(OC)c2)cc1
0,0,3,1,0,0,3,0,0,0,0,0.0,750.838,4,5.0,5.0,OCC(Oc1c(OC)cc(CC(Oc2c(OC)cc(C=CCO)cc2)CO)cc1OC)Cc1cc(OC)c(OC(CO)Cc2cc(OC)c(O)cc2)cc1
0,0,2,1,0,0,2,0,0,0,0,0.0,570.635,3,4.0,4.0,Oc1c(OC)cc(CC(Oc2c(OC)cc(CC(Oc3c(OC)cc(C=CCO)cc3)CO)cc2)CO)cc1OC
0,0,3,1,0,0,3,0,0,0,0,0.0,750.838,4,5.0,5.0,OCC(Oc1c(OC)cc(C=CCO)cc1)Cc1cc(OC)c(OC(CO)Cc2cc(OC)c(OC(CO)Cc3cc(OC)c(O)c(OC)c3)cc2)cc1
0,0,4,7,0,0,9,0,0,1,0,0.0,2190.399,11,11.0,18.0,OCC(Cc1cc(OC)c(OC(CO)Cc2cc(OC)c(OC(CO)Cc3cc(OC)c(OC(CO)Cc4cc(OC)c(OC(CO)Cc5cc(OC)c(O)cc5)c(OC)c4)cc3)c(OC)c2)cc1)Oc1c(OC)cc(C2C3COC(C3CO2)c2cc(OC)c(OC(CO)Cc3cc(OC)c(OC(CO)Cc4cc(OC)c(OC(CO)Cc5cc(OC)c(OC(CO)Cc6cc(OC)c(O)c(OC)c6)c(OC)c5)cc4)c(OC)c3)c(OC)c2)cc1OC
0,0,0,3,0,0,1,0,0,1,0,0.0,628.671,3,3.0,6.0,Oc1c(OC)cc(CC(Oc2c(OC)cc(C3C4COC(C4CO3)c3cc(OC)c(O)c(OC)c3)cc2OC)CO)cc1OC
0,0,3,7,0,0,8,0,0,1,0,0.0,2010.196,10,10.0,17.0,OCC(Oc1c(OC)cc(CC(Oc2c(OC)cc(CC(Oc3c(OC)cc(C4C5COC(C5CO4)c4cc(OC)c(O)c(OC)c4)cc3OC)CO)cc2OC)CO)cc1)Cc1cc(OC)c(OC(CO)Cc2cc(OC)c(OC(CO)Cc3cc(OC)c(OC(CO)Cc4cc(OC)c(OC(CO)Cc5cc(OC)c(OC(CO)Cc6cc(OC)c(O)cc6)c(OC)c5)c(OC)c4)c(OC)c3)cc2)c(OC)c1
0,0,2,1,0,0,1,0,0,1,0,0.0,568.6189999999999,3,3.0,4.0,Oc1c(OC)cc(CC(CO)Oc2c(OC)cc(C3C4COC(C4CO3)c3cc(OC)c(O)cc3)cc2)cc1OC
0,0,4,3,0,0,6,0,0,0,0,0.0,1351.499,7,8.0,10.0,OCC(Oc1c(OC)cc(CC(Oc2c(OC)cc(CC(Oc3c(OC)cc(C=CCO)cc3)CO)cc2OC)CO)cc1)Cc1cc(OC)c(OC(CO)Cc2cc(OC)c(OC(CO)Cc3cc(OC)c(OC(CO)Cc4cc(OC)c(O)c(OC)c4)c(OC)c3)cc2)cc1
0,0,2,1,0,0,1,0,0,1,0,0.0,568.6189999999999,3,3.0,4.0,Oc1c(OC)cc(CC(Oc2c(OC)cc(C3C4COC(C4CO3)c3cc(OC)c(O)cc3)cc2)CO)cc1OC
0,0,1,2,0,0,1,0,0,1,0,0.0,598.645,3,3.0,5.0,Oc1c(OC)cc(CC(Oc2c(OC)cc(C3C4COC(C4CO3)c3cc(OC)c(O)c(OC)c3)cc2)CO)cc1OC
0,0,2,7,0,0,8,0,0,0,0,0.0,1832.009,9,10.0,16.0,OCC(Oc1c(OC)cc(CC(Oc2c(OC)cc(CC(Oc3c(OC)cc(CC(Oc4c(OC)cc(CC(Oc5c(OC)cc(C=CCO)cc5)CO)cc4)CO)cc3OC)CO)cc2OC)CO)cc1OC)Cc1cc(OC)c(OC(CO)Cc2cc(OC)c(OC(CO)Cc3cc(OC)c(OC(CO)Cc4cc(OC)c(O)c(OC)c4)c(OC)c3)c(OC)c2)c(OC)c1
0,0,3,5,0,0,6,0,0,1,0,0.0,1589.7379999999998,8,8.0,13.0,OCC(Oc1c(OC)cc(C2C3COC(C3CO2)c2cc(OC)c(OC(CO)Cc3cc(OC)c(OC(CO)Cc4cc(OC)c(OC(CO)Cc5cc(OC)c(O)c(OC)c5)cc4)c(OC)c3)c(OC)c2)cc1OC)Cc1cc(OC)c(OC(CO)Cc2cc(OC)c(OC(CO)Cc3cc(OC)c(O)cc3)c(OC)c2)cc1
0,0,3,5,0,0,6,0,0,1,0,0.0,1589.7379999999998,8,8.0,13.0,OCC(Cc1cc(OC)c(OC(CO)Cc2cc(OC)c(O)c(OC)c2)cc1)Oc1c(OC)cc(C2C3COC(C3CO2)c2cc(OC)c(OC(CO)Cc3cc(OC)c(OC(CO)Cc4cc(OC)c(OC(CO)Cc5cc(OC)c(OC(CO)Cc6cc(OC)c(O)c(OC)c6)c(OC)c5)cc4)c(OC)c3)c(OC)c2)cc1
0,0,1,4,0,0,3,0,0,1,0,0.0,1019.103,5,5.0,9.0,Oc1c(OC)cc(C2C3COC(C3CO2)c2cc(OC)c(OC(CO)Cc3cc(OC)c(OC(CO)Cc4cc(OC)c(OC(CO)Cc5cc(OC)c(O)cc5)c(OC)c4)c(OC)c3)c(OC)c2)cc1OC
0,0,5,6,0,0,10,0,0,0,0,0.0,2162.389,11,12.0,17.0,OCC(Oc1c(OC)cc(CC(Oc2c(OC)cc(CC(Oc3c(OC)cc(CC(Oc4c(OC)cc(CC(Oc5c(OC)cc(CC(Oc6c(OC)cc(C=CCO)cc6)CO)cc5OC)CO)cc4OC)CO)cc3OC)CO)cc2)CO)cc1)Cc1cc(OC)c(OC(CO)Cc2cc(OC)c(OC(CO)Cc3cc(OC)c(OC(CO)Cc4cc(OC)c(OC(CO)Cc5cc(OC)c(O)cc5)c(OC)c4)cc3)c(OC)c2)c(OC)c1
0,0,1,4,0,0,4,0,0,0,0,0.0,1021.1189999999999,5,6.0,9.0,OCC(Oc1c(OC)cc(CC(Oc2c(OC)cc(C=CCO)cc2)CO)cc1OC)Cc1cc(OC)c(OC(CO)Cc2cc(OC)c(OC(CO)Cc3cc(OC)c(O)c(OC)c3)c(OC)c2)c(OC)c1
0,0,2,3,0,0,2,0,2,0,0,0.0,987.0609999999999,5,6.0,8.0,OCC1C(Oc2c(OC)cc(CC(Oc3c(OC)cc(C4C(c5c(O4)c(OC)cc(C=CCO)c5)CO)cc3OC)CO)cc12)c1cc(OC)c(OC(CO)Cc2cc(OC)c(O)c(OC)c2)c(OC)c1
0,0,4,8,0,0,9,0,1,1,0,0.0,2398.612,12,12.0,20.0,OCC(Oc1c(OC)cc(C2C3COC(C3CO2)c2cc(OC)c(OC(CO)Cc3cc(OC)c4c(C(CO)C(c5cc(OC)c(OC(CO)Cc6cc(OC)c(OC(CO)Cc7cc(OC)c(OC(CO)Cc8cc(OC)c(OC(CO)Cc9cc(OC)c(OC(CO)Cc%10cc(OC)c(O)c(OC)c%10)c(OC)c9)cc8)c(OC)c7)c(OC)c6)c(OC)c5)O4)c3)c(OC)c2)cc1)Cc1cc(OC)c(OC(CO)Cc2cc(OC)c(OC(CO)Cc3cc(OC)c(O)cc3)c(OC)c2)c(OC)c1
0,0,3,4,0,0,5,0,1,0,0,0.0,1379.509,7,8.0,11.0,OCC(Oc1c(OC)cc(C2C(c3c(O2)c(OC)cc(CC(Oc2c(OC)cc(CC(Oc4c(OC)cc(C=CCO)cc4)CO)cc2OC)CO)c3)CO)cc1)Cc1cc(OC)c(OC(CO)Cc2cc(OC)c(OC(CO)Cc3cc(OC)c(O)c(OC)c3)c(OC)c2)c(OC)c1
0,0,4,8,0,0,11,0,0,0,0,0.0,2402.644,12,13.0,20.0,OCC(Oc1c(OC)cc(CC(Oc2c(OC)cc(CC(Oc3c(OC)cc(CC(Oc4c(OC)cc(CC(Oc5c(OC)cc(C=CCO)cc5OC)CO)cc4OC)CO)cc3)CO)cc2)CO)cc1)Cc1cc(OC)c(OC(CO)Cc2cc(OC)c(OC(CO)Cc3cc(OC)c(OC(CO)Cc4cc(OC)c(OC(CO)Cc5cc(OC)c(OC(CO)Cc6cc(OC)c(OC(CO)Cc7cc(OC)c(O)cc7)c(OC)c6)c(OC)c5)c(OC)c4)c(OC)c3)c(OC)c2)c(OC)c1
0,0,3,2,0,0,4,0,0,0,0,0.0,961.067,5,6.0,7.0,OCC(Oc1c(OC)cc(CC(Oc2c(OC)cc(C=CCO)cc2OC)CO)cc1OC)Cc1cc(OC)c(OC(CO)Cc2cc(OC)c(OC(CO)Cc3cc(OC)c(O)cc3)cc2)cc1
0,0,2,5,0,0,5,0,0,1,0,0.0,1409.5349999999999,7,7.0,12.0,OCC(Cc1cc(OC)c(OC(CO)Cc2cc(OC)c(OC(CO)Cc3cc(OC)c(O)c(OC)c3)c(OC)c2)c(OC)c1)Oc1c(OC)cc(C2C3COC(C3CO2)c2cc(OC)c(OC(CO)Cc3cc(OC)c(OC(CO)Cc4cc(OC)c(O)cc4)c(OC)c3)c(OC)c2)cc1
0,0,2,1,0,0,2,0,0,0,0,0.0,570.635,3,4.0,4.0,OCC=Cc1cc(OC)c(OC(CO)Cc2cc(OC)c(OC(CO)Cc3cc(OC)c(O)cc3)c(OC)c2)cc1
0,0,3,8,0,0,9,0,0,1,0,0.0,2220.425,11,11.0,19.0,OCC(Oc1c(OC)cc(CC(Oc2c(OC)cc(CC(Oc3c(OC)cc(C4C5COC(C5CO4)c4cc(OC)c(OC(CO)Cc5cc(OC)c(OC(CO)Cc6cc(OC)c(OC(CO)Cc7cc(OC)c(O)c(OC)c7)c(OC)c6)cc5)cc4)cc3OC)CO)cc2OC)CO)cc1OC)Cc1cc(OC)c(OC(CO)Cc2cc(OC)c(OC(CO)Cc3cc(OC)c(OC(CO)Cc4cc(OC)c(O)c(OC)c4)c(OC)c3)c(OC)c2)cc1
